category,subcategory
Мультимедіа,Генерація відео
Мультимедіа,Генерація зображень
Мультимедіа,Озвучення
Мультимедіа,Аудіо
Мультимедіа,Фотографія
Мультимедіа,Відеомонтаж
Мультимедіа,Музика
Мультимедіа,3D та анімація
Мультимедіа,Транскрипція
Мультимедіа,AI-аватари
Мультимедіа,Видалення фону
Текст та Чат-боти,Нотатки та організація
Текст та Чат-боти,Чат-боти
Текст та Чат-боти,Копірайтинг
Текст та Чат-боти,Публікації
Текст та Чат-боти,Сумаризатори
Текст та Чат-боти,Перефразування і граматика
Текст та Чат-боти,Генератори промптів
Текст та Чат-боти,AI-компаньйони
Розробка та IT,Асистенти коду
Розробка та IT,Рефакторинг
Розробка та IT,Автодоповнення коду
Розробка та IT,Веб-розробка
Розробка та IT,Мобільна розробка
Розробка та IT,Бази даних
Розробка та IT,Хмарні сервіси
Розробка та IT,Тестування
Розробка та IT,API
Розробка та IT,No-code / Low-code
Розробка та IT,Конструктори сайтів
Бізнес та маркетинг,SMM
Бізнес та маркетинг,Аналітика
Бізнес та маркетинг,Лідогенерація
Бізнес та маркетинг,Email-маркетинг
Бізнес та маркетинг,CRM
Бізнес та маркетинг,Підтримка клієнтів
Бізнес та маркетинг,Продажі
Бізнес та маркетинг,HR і рекрутинг
Продуктивність,Планування
Продуктивність,Нотатки
Продуктивність,Тайм-менеджмент
Продуктивність,AI-асистенти
Продуктивність,Презентації
Продуктивність,Таблиці
Продуктивність,Управління проєктами
Продуктивність,Подорожі
Продуктивність,Дошки та діаграми
Продуктивність,Поштові асистенти
Продуктивність,AI-браузери
SEO та контент,SEO
SEO та контент,Тренди
Дизайн та креатив,Графічний дизайн
Дизайн та креатив,UI/UX
Дизайн та креатив,Кольори
Дизайн та креатив,Візуалізація даних
Дизайн та креатив,Аналіз даних
Дизайн та креатив,Звіти
Дизайн та креатив,Дизайн татуювань
Освіта та знання,Курси
Освіта та знання,Сертифікати
Освіта та знання,Менторство
Освіта та знання,Бібліотека
Освіта та знання,Тести
Освіта та знання,Репетиторство
Освіта та знання,Музична освіта
Освіта та знання,Інструменти для викладачів
Освіта та знання,Детектори
Освіта та знання,Дослідження та пошук
Переклад та мови,Переклад
Переклад та мови,Розпізнавання мови
Фінанси та юридичні,Фінанси
Фінанси та юридичні,Інвестиції
Фінанси та юридичні,Юридичні послуги
Фінанси та юридичні,Документи
Фінанси та юридичні,Безпека даних
Фінанси та юридичні,Нерухомість
Фінанси та юридичні,Крипто та Web3
Здоров'я та краса,Медицина
Здоров'я та краса,Краса та стиль
Здоров'я та краса,Реабілітація та фізіотерапія
Здоров'я та краса,Масаж і відновлення
Здоров'я та краса,Ментальне здоров'я
Здоров'я та краса,Сон
Здоров'я та краса,Харчування
Здоров'я та краса,Перевірка симптомів
Здоров'я та краса,Догляд за шкірою
Здоров'я та краса,Жіноче здоров'я
Здоров'я та краса,Інструменти для психологів
Інструменти та автоматизація,Плагіни
Інструменти та автоматизація,Автоматизація
Інструменти та автоматизація,Інтеграції
Інструменти та автоматизація,AI-агенти
Інструменти та автоматизація,Розпізнавання тексту (OCR)
Інструменти та автоматизація,Голосові агенти
Мій дім,Домашні рослини
Мій дім,Сад
Мій дім,Город
Мій дім,Домашні тварини
Мій дім,Худоба
Мій дім,Птахівництво
Мій дім,Риба
Мій дім,Бджоли
Мій дім,Кулінарія
Мій дім,Грумінг та ветеринарні сервіси
Мій дім,Рукоділля
Мій дім,Авто
Мій дім,Дизайн інтер'єру
Мій дім,Покупки
Спорт,Масовий фітнес і тренування
Спорт,Для тренерів
Спорт,Аналіз техніки та біомеханіка
Спорт,Моніторинг навантаження та відновлення
Спорт,"Аналітика, скаутинг та суддівство"
